dataset_id,source_month,geography,metric,value,source_value,value_status
9603,202506,機關別總計,總計,53214,53214,numeric
9603,202506,機關別總計,竊盜,6528,6528,numeric
9603,202506,機關別總計,贓物,4,4,numeric
9603,202506,機關別總計,賭博,130,130,numeric
9603,202506,機關別總計,傷害,2118,2118,numeric
9603,202506,機關別總計,詐欺背信,18032,18032,numeric
9603,202506,機關別總計,妨害自由,2690,2690,numeric
9603,202506,機關別總計,殺人,28,28,numeric
9603,202506,機關別總計,駕駛過失,3024,3024,numeric
9603,202506,機關別總計,妨害家庭及婚姻,47,47,numeric
9603,202506,機關別總計,妨害風化,70,70,numeric
9603,202506,機關別總計,妨害性自主罪,543,543,numeric
9603,202506,機關別總計,恐嚇取財,67,67,numeric
9603,202506,機關別總計,擄人勒贖,0,-,dash_zero
9603,202506,機關別總計,侵占,2087,2087,numeric
9603,202506,機關別總計,偽造文書印文,786,786,numeric
9603,202506,機關別總計,違反毒品危害防制條例,3848,3848,numeric
9603,202506,機關別總計,毀棄損壞,1436,1436,numeric
9603,202506,機關別總計,妨害公務,92,92,numeric
9603,202506,機關別總計,妨害電腦使用,2251,2251,numeric
9603,202506,機關別總計,強盜搶奪,22,22,numeric
9603,202506,機關別總計,內亂,0,-,dash_zero
9603,202506,機關別總計,重利,62,62,numeric
9603,202506,機關別總計,竊佔,89,89,numeric
9603,202506,機關別總計,偽造有價證券,10,10,numeric
9603,202506,機關別總計,妨害秩序,72,72,numeric
9603,202506,機關別總計,違反藥事法,6,6,numeric
9603,202506,機關別總計,違反國家總動員法,0,-,dash_zero
9603,202506,機關別總計,違反森林法,7,7,numeric
9603,202506,機關別總計,違反著作權法,90,90,numeric
9603,202506,機關別總計,違反專利法,0,-,dash_zero
9603,202506,機關別總計,違反商標法,44,44,numeric
9603,202506,機關別總計,公共危險,3860,3860,numeric
9603,202506,機關別總計,侵害墳墓屍體,0,-,dash_zero
9603,202506,機關別總計,妨害名譽,2302,2302,numeric
9603,202506,機關別總計,違反就業服務法,2,2,numeric
9603,202506,機關別總計,違反選罷法,9,9,numeric
9603,202506,機關別總計,妨害秘密,163,163,numeric
9603,202506,機關別總計,遺棄,18,18,numeric
9603,202506,機關別總計,違反貪污治罪條例,3,3,numeric
9603,202506,機關別總計,瀆職,15,15,numeric
9603,202506,機關別總計,懲治走私條例,1,1,numeric
9603,202506,機關別總計,妨害兵役,1,1,numeric
9603,202506,機關別總計,偽造貨幣,5,5,numeric
9603,202506,機關別總計,偽造度量衡,0,-,dash_zero
9603,202506,機關別總計,偽證,5,5,numeric
9603,202506,機關別總計,誣告,151,151,numeric
9603,202506,機關別總計,湮滅證據,5,5,numeric
9603,202506,機關別總計,藏匿頂替,5,5,numeric
9603,202506,機關別總計,脫逃,1,1,numeric
9603,202506,機關別總計,違反槍砲彈藥刀械管制條例,75,75,numeric
9603,202506,機關別總計,其他,2410,2410,numeric
9603,202506,新北市,總計,9732,9732,numeric
9603,202506,新北市,竊盜,1153,1153,numeric
9603,202506,新北市,贓物,0,-,dash_zero
9603,202506,新北市,賭博,20,20,numeric
9603,202506,新北市,傷害,385,385,numeric
9603,202506,新北市,詐欺背信,3396,3396,numeric
9603,202506,新北市,妨害自由,546,546,numeric
9603,202506,新北市,殺人,7,7,numeric
9603,202506,新北市,駕駛過失,493,493,numeric
9603,202506,新北市,妨害家庭及婚姻,8,8,numeric
9603,202506,新北市,妨害風化,13,13,numeric
9603,202506,新北市,妨害性自主罪,76,76,numeric
9603,202506,新北市,恐嚇取財,12,12,numeric
9603,202506,新北市,擄人勒贖,0,-,dash_zero
9603,202506,新北市,侵占,444,444,numeric
9603,202506,新北市,偽造文書印文,139,139,numeric
9603,202506,新北市,違反毒品危害防制條例,747,747,numeric
9603,202506,新北市,毀棄損壞,287,287,numeric
9603,202506,新北市,妨害公務,20,20,numeric
9603,202506,新北市,妨害電腦使用,551,551,numeric
9603,202506,新北市,強盜搶奪,3,3,numeric
9603,202506,新北市,內亂,0,-,dash_zero
9603,202506,新北市,重利,12,12,numeric
9603,202506,新北市,竊佔,10,10,numeric
9603,202506,新北市,偽造有價證券,1,1,numeric
9603,202506,新北市,妨害秩序,17,17,numeric
9603,202506,新北市,違反藥事法,0,-,dash_zero
9603,202506,新北市,違反國家總動員法,0,-,dash_zero
9603,202506,新北市,違反森林法,0,-,dash_zero
9603,202506,新北市,違反著作權法,17,17,numeric
9603,202506,新北市,違反專利法,0,-,dash_zero
9603,202506,新北市,違反商標法,4,4,numeric
9603,202506,新北市,公共危險,356,356,numeric
9603,202506,新北市,侵害墳墓屍體,0,-,dash_zero
9603,202506,新北市,妨害名譽,448,448,numeric
9603,202506,新北市,違反就業服務法,0,-,dash_zero
9603,202506,新北市,違反選罷法,1,1,numeric
9603,202506,新北市,妨害秘密,32,32,numeric
9603,202506,新北市,遺棄,4,4,numeric
9603,202506,新北市,違反貪污治罪條例,0,-,dash_zero
9603,202506,新北市,瀆職,2,2,numeric
9603,202506,新北市,懲治走私條例,0,-,dash_zero
9603,202506,新北市,妨害兵役,0,-,dash_zero
9603,202506,新北市,偽造貨幣,0,-,dash_zero
9603,202506,新北市,偽造度量衡,0,-,dash_zero
9603,202506,新北市,偽證,1,1,numeric
9603,202506,新北市,誣告,29,29,numeric
9603,202506,新北市,湮滅證據,1,1,numeric
9603,202506,新北市,藏匿頂替,0,-,dash_zero
9603,202506,新北市,脫逃,0,-,dash_zero
9603,202506,新北市,違反槍砲彈藥刀械管制條例,7,7,numeric
9603,202506,新北市,其他,490,490,numeric
9603,202506,臺北市,總計,5799,5799,numeric
9603,202506,臺北市,竊盜,578,578,numeric
9603,202506,臺北市,贓物,0,-,dash_zero
9603,202506,臺北市,賭博,13,13,numeric
9603,202506,臺北市,傷害,288,288,numeric
9603,202506,臺北市,詐欺背信,1790,1790,numeric
9603,202506,臺北市,妨害自由,328,328,numeric
9603,202506,臺北市,殺人,2,2,numeric
9603,202506,臺北市,駕駛過失,339,339,numeric
9603,202506,臺北市,妨害家庭及婚姻,6,6,numeric
9603,202506,臺北市,妨害風化,13,13,numeric
9603,202506,臺北市,妨害性自主罪,64,64,numeric
9603,202506,臺北市,恐嚇取財,6,6,numeric
9603,202506,臺北市,擄人勒贖,0,-,dash_zero
9603,202506,臺北市,侵占,374,374,numeric
9603,202506,臺北市,偽造文書印文,96,96,numeric
9603,202506,臺北市,違反毒品危害防制條例,362,362,numeric
9603,202506,臺北市,毀棄損壞,164,164,numeric
9603,202506,臺北市,妨害公務,11,11,numeric
9603,202506,臺北市,妨害電腦使用,196,196,numeric
9603,202506,臺北市,強盜搶奪,5,5,numeric
9603,202506,臺北市,內亂,0,-,dash_zero
9603,202506,臺北市,重利,3,3,numeric
9603,202506,臺北市,竊佔,12,12,numeric
9603,202506,臺北市,偽造有價證券,2,2,numeric
9603,202506,臺北市,妨害秩序,8,8,numeric
9603,202506,臺北市,違反藥事法,1,1,numeric
9603,202506,臺北市,違反國家總動員法,0,-,dash_zero
9603,202506,臺北市,違反森林法,0,-,dash_zero
9603,202506,臺北市,違反著作權法,22,22,numeric
9603,202506,臺北市,違反專利法,0,-,dash_zero
9603,202506,臺北市,違反商標法,11,11,numeric
9603,202506,臺北市,公共危險,410,410,numeric
9603,202506,臺北市,侵害墳墓屍體,0,-,dash_zero
9603,202506,臺北市,妨害名譽,360,360,numeric
9603,202506,臺北市,違反就業服務法,0,-,dash_zero
9603,202506,臺北市,違反選罷法,5,5,numeric
9603,202506,臺北市,妨害秘密,29,29,numeric
9603,202506,臺北市,遺棄,1,1,numeric
9603,202506,臺北市,違反貪污治罪條例,0,-,dash_zero
9603,202506,臺北市,瀆職,4,4,numeric
9603,202506,臺北市,懲治走私條例,0,-,dash_zero
9603,202506,臺北市,妨害兵役,0,-,dash_zero
9603,202506,臺北市,偽造貨幣,0,-,dash_zero
9603,202506,臺北市,偽造度量衡,0,-,dash_zero
9603,202506,臺北市,偽證,3,3,numeric
9603,202506,臺北市,誣告,30,30,numeric
9603,202506,臺北市,湮滅證據,0,-,dash_zero
9603,202506,臺北市,藏匿頂替,0,-,dash_zero
9603,202506,臺北市,脫逃,0,-,dash_zero
9603,202506,臺北市,違反槍砲彈藥刀械管制條例,10,10,numeric
9603,202506,臺北市,其他,253,253,numeric
9603,202506,桃園市,總計,5366,5366,numeric
9603,202506,桃園市,竊盜,695,695,numeric
9603,202506,桃園市,贓物,0,-,dash_zero
9603,202506,桃園市,賭博,10,10,numeric
9603,202506,桃園市,傷害,234,234,numeric
9603,202506,桃園市,詐欺背信,2066,2066,numeric
9603,202506,桃園市,妨害自由,301,301,numeric
9603,202506,桃園市,殺人,2,2,numeric
9603,202506,桃園市,駕駛過失,315,315,numeric
9603,202506,桃園市,妨害家庭及婚姻,5,5,numeric
9603,202506,桃園市,妨害風化,3,3,numeric
9603,202506,桃園市,妨害性自主罪,61,61,numeric
9603,202506,桃園市,恐嚇取財,8,8,numeric
9603,202506,桃園市,擄人勒贖,0,-,dash_zero
9603,202506,桃園市,侵占,213,213,numeric
9603,202506,桃園市,偽造文書印文,61,61,numeric
9603,202506,桃園市,違反毒品危害防制條例,292,292,numeric
9603,202506,桃園市,毀棄損壞,191,191,numeric
9603,202506,桃園市,妨害公務,1,1,numeric
9603,202506,桃園市,妨害電腦使用,263,263,numeric
9603,202506,桃園市,強盜搶奪,3,3,numeric
9603,202506,桃園市,內亂,0,-,dash_zero
9603,202506,桃園市,重利,5,5,numeric
9603,202506,桃園市,竊佔,6,6,numeric
9603,202506,桃園市,偽造有價證券,0,-,dash_zero
9603,202506,桃園市,妨害秩序,2,2,numeric
9603,202506,桃園市,違反藥事法,0,-,dash_zero
9603,202506,桃園市,違反國家總動員法,0,-,dash_zero
9603,202506,桃園市,違反森林法,0,-,dash_zero
9603,202506,桃園市,違反著作權法,3,3,numeric
9603,202506,桃園市,違反專利法,0,-,dash_zero
9603,202506,桃園市,違反商標法,3,3,numeric
9603,202506,桃園市,公共危險,202,202,numeric
9603,202506,桃園市,侵害墳墓屍體,0,-,dash_zero
9603,202506,桃園市,妨害名譽,220,220,numeric
9603,202506,桃園市,違反就業服務法,0,-,dash_zero
9603,202506,桃園市,違反選罷法,0,-,dash_zero
9603,202506,桃園市,妨害秘密,12,12,numeric
9603,202506,桃園市,遺棄,5,5,numeric
9603,202506,桃園市,違反貪污治罪條例,1,1,numeric
9603,202506,桃園市,瀆職,0,-,dash_zero
9603,202506,桃園市,懲治走私條例,0,-,dash_zero
9603,202506,桃園市,妨害兵役,0,-,dash_zero
9603,202506,桃園市,偽造貨幣,1,1,numeric
9603,202506,桃園市,偽造度量衡,0,-,dash_zero
9603,202506,桃園市,偽證,0,-,dash_zero
9603,202506,桃園市,誣告,9,9,numeric
9603,202506,桃園市,湮滅證據,0,-,dash_zero
9603,202506,桃園市,藏匿頂替,0,-,dash_zero
9603,202506,桃園市,脫逃,0,-,dash_zero
9603,202506,桃園市,違反槍砲彈藥刀械管制條例,5,5,numeric
9603,202506,桃園市,其他,168,168,numeric
9603,202506,臺中市,總計,6791,6791,numeric
9603,202506,臺中市,竊盜,834,834,numeric
9603,202506,臺中市,贓物,0,-,dash_zero
9603,202506,臺中市,賭博,35,35,numeric
9603,202506,臺中市,傷害,229,229,numeric
9603,202506,臺中市,詐欺背信,2581,2581,numeric
9603,202506,臺中市,妨害自由,290,290,numeric
9603,202506,臺中市,殺人,0,-,dash_zero
9603,202506,臺中市,駕駛過失,290,290,numeric
9603,202506,臺中市,妨害家庭及婚姻,6,6,numeric
9603,202506,臺中市,妨害風化,8,8,numeric
9603,202506,臺中市,妨害性自主罪,65,65,numeric
9603,202506,臺中市,恐嚇取財,6,6,numeric
9603,202506,臺中市,擄人勒贖,0,-,dash_zero
9603,202506,臺中市,侵占,240,240,numeric
9603,202506,臺中市,偽造文書印文,88,88,numeric
9603,202506,臺中市,違反毒品危害防制條例,385,385,numeric
9603,202506,臺中市,毀棄損壞,169,169,numeric
9603,202506,臺中市,妨害公務,12,12,numeric
9603,202506,臺中市,妨害電腦使用,327,327,numeric
9603,202506,臺中市,強盜搶奪,1,1,numeric
9603,202506,臺中市,內亂,0,-,dash_zero
9603,202506,臺中市,重利,7,7,numeric
9603,202506,臺中市,竊佔,3,3,numeric
9603,202506,臺中市,偽造有價證券,0,-,dash_zero
9603,202506,臺中市,妨害秩序,7,7,numeric
9603,202506,臺中市,違反藥事法,0,-,dash_zero
9603,202506,臺中市,違反國家總動員法,0,-,dash_zero
9603,202506,臺中市,違反森林法,0,-,dash_zero
9603,202506,臺中市,違反著作權法,12,12,numeric
9603,202506,臺中市,違反專利法,0,-,dash_zero
9603,202506,臺中市,違反商標法,2,2,numeric
9603,202506,臺中市,公共危險,557,557,numeric
9603,202506,臺中市,侵害墳墓屍體,0,-,dash_zero
9603,202506,臺中市,妨害名譽,315,315,numeric
9603,202506,臺中市,違反就業服務法,1,1,numeric
9603,202506,臺中市,違反選罷法,1,1,numeric
9603,202506,臺中市,妨害秘密,17,17,numeric
9603,202506,臺中市,遺棄,1,1,numeric
9603,202506,臺中市,違反貪污治罪條例,2,2,numeric
9603,202506,臺中市,瀆職,2,2,numeric
9603,202506,臺中市,懲治走私條例,0,-,dash_zero
9603,202506,臺中市,妨害兵役,0,-,dash_zero
9603,202506,臺中市,偽造貨幣,0,-,dash_zero
9603,202506,臺中市,偽造度量衡,0,-,dash_zero
9603,202506,臺中市,偽證,1,1,numeric
9603,202506,臺中市,誣告,19,19,numeric
9603,202506,臺中市,湮滅證據,0,-,dash_zero
9603,202506,臺中市,藏匿頂替,1,1,numeric
9603,202506,臺中市,脫逃,0,-,dash_zero
9603,202506,臺中市,違反槍砲彈藥刀械管制條例,10,10,numeric
9603,202506,臺中市,其他,267,267,numeric
9603,202506,臺南市,總計,4246,4246,numeric
9603,202506,臺南市,竊盜,570,570,numeric
9603,202506,臺南市,贓物,0,-,dash_zero
9603,202506,臺南市,賭博,25,25,numeric
9603,202506,臺南市,傷害,120,120,numeric
9603,202506,臺南市,詐欺背信,1415,1415,numeric
9603,202506,臺南市,妨害自由,207,207,numeric
9603,202506,臺南市,殺人,2,2,numeric
9603,202506,臺南市,駕駛過失,298,298,numeric
9603,202506,臺南市,妨害家庭及婚姻,1,1,numeric
9603,202506,臺南市,妨害風化,10,10,numeric
9603,202506,臺南市,妨害性自主罪,44,44,numeric
9603,202506,臺南市,恐嚇取財,5,5,numeric
9603,202506,臺南市,擄人勒贖,0,-,dash_zero
9603,202506,臺南市,侵占,119,119,numeric
9603,202506,臺南市,偽造文書印文,50,50,numeric
9603,202506,臺南市,違反毒品危害防制條例,270,270,numeric
9603,202506,臺南市,毀棄損壞,80,80,numeric
9603,202506,臺南市,妨害公務,10,10,numeric
9603,202506,臺南市,妨害電腦使用,115,115,numeric
9603,202506,臺南市,強盜搶奪,2,2,numeric
9603,202506,臺南市,內亂,0,-,dash_zero
9603,202506,臺南市,重利,4,4,numeric
9603,202506,臺南市,竊佔,10,10,numeric
9603,202506,臺南市,偽造有價證券,1,1,numeric
9603,202506,臺南市,妨害秩序,5,5,numeric
9603,202506,臺南市,違反藥事法,0,-,dash_zero
9603,202506,臺南市,違反國家總動員法,0,-,dash_zero
9603,202506,臺南市,違反森林法,0,-,dash_zero
9603,202506,臺南市,違反著作權法,8,8,numeric
9603,202506,臺南市,違反專利法,0,-,dash_zero
9603,202506,臺南市,違反商標法,1,1,numeric
9603,202506,臺南市,公共危險,466,466,numeric
9603,202506,臺南市,侵害墳墓屍體,0,-,dash_zero
9603,202506,臺南市,妨害名譽,171,171,numeric
9603,202506,臺南市,違反就業服務法,0,-,dash_zero
9603,202506,臺南市,違反選罷法,0,-,dash_zero
9603,202506,臺南市,妨害秘密,13,13,numeric
9603,202506,臺南市,遺棄,0,-,dash_zero
9603,202506,臺南市,違反貪污治罪條例,0,-,dash_zero
9603,202506,臺南市,瀆職,0,-,dash_zero
9603,202506,臺南市,懲治走私條例,0,-,dash_zero
9603,202506,臺南市,妨害兵役,0,-,dash_zero
9603,202506,臺南市,偽造貨幣,2,2,numeric
9603,202506,臺南市,偽造度量衡,0,-,dash_zero
9603,202506,臺南市,偽證,0,-,dash_zero
9603,202506,臺南市,誣告,15,15,numeric
9603,202506,臺南市,湮滅證據,1,1,numeric
9603,202506,臺南市,藏匿頂替,2,2,numeric
9603,202506,臺南市,脫逃,0,-,dash_zero
9603,202506,臺南市,違反槍砲彈藥刀械管制條例,4,4,numeric
9603,202506,臺南市,其他,200,200,numeric
9603,202506,高雄市,總計,6206,6206,numeric
9603,202506,高雄市,竊盜,705,705,numeric
9603,202506,高雄市,贓物,2,2,numeric
9603,202506,高雄市,賭博,7,7,numeric
9603,202506,高雄市,傷害,263,263,numeric
9603,202506,高雄市,詐欺背信,2062,2062,numeric
9603,202506,高雄市,妨害自由,268,268,numeric
9603,202506,高雄市,殺人,4,4,numeric
9603,202506,高雄市,駕駛過失,394,394,numeric
9603,202506,高雄市,妨害家庭及婚姻,6,6,numeric
9603,202506,高雄市,妨害風化,7,7,numeric
9603,202506,高雄市,妨害性自主罪,53,53,numeric
9603,202506,高雄市,恐嚇取財,2,2,numeric
9603,202506,高雄市,擄人勒贖,0,-,dash_zero
9603,202506,高雄市,侵占,209,209,numeric
9603,202506,高雄市,偽造文書印文,85,85,numeric
9603,202506,高雄市,違反毒品危害防制條例,461,461,numeric
9603,202506,高雄市,毀棄損壞,167,167,numeric
9603,202506,高雄市,妨害公務,9,9,numeric
9603,202506,高雄市,妨害電腦使用,262,262,numeric
9603,202506,高雄市,強盜搶奪,1,1,numeric
9603,202506,高雄市,內亂,0,-,dash_zero
9603,202506,高雄市,重利,6,6,numeric
9603,202506,高雄市,竊佔,6,6,numeric
9603,202506,高雄市,偽造有價證券,3,3,numeric
9603,202506,高雄市,妨害秩序,10,10,numeric
9603,202506,高雄市,違反藥事法,1,1,numeric
9603,202506,高雄市,違反國家總動員法,0,-,dash_zero
9603,202506,高雄市,違反森林法,0,-,dash_zero
9603,202506,高雄市,違反著作權法,8,8,numeric
9603,202506,高雄市,違反專利法,0,-,dash_zero
9603,202506,高雄市,違反商標法,5,5,numeric
9603,202506,高雄市,公共危險,593,593,numeric
9603,202506,高雄市,侵害墳墓屍體,0,-,dash_zero
9603,202506,高雄市,妨害名譽,306,306,numeric
9603,202506,高雄市,違反就業服務法,0,-,dash_zero
9603,202506,高雄市,違反選罷法,0,-,dash_zero
9603,202506,高雄市,妨害秘密,18,18,numeric
9603,202506,高雄市,遺棄,1,1,numeric
9603,202506,高雄市,違反貪污治罪條例,0,-,dash_zero
9603,202506,高雄市,瀆職,0,-,dash_zero
9603,202506,高雄市,懲治走私條例,0,-,dash_zero
9603,202506,高雄市,妨害兵役,0,-,dash_zero
9603,202506,高雄市,偽造貨幣,1,1,numeric
9603,202506,高雄市,偽造度量衡,0,-,dash_zero
9603,202506,高雄市,偽證,0,-,dash_zero
9603,202506,高雄市,誣告,21,21,numeric
9603,202506,高雄市,湮滅證據,1,1,numeric
9603,202506,高雄市,藏匿頂替,0,-,dash_zero
9603,202506,高雄市,脫逃,0,-,dash_zero
9603,202506,高雄市,違反槍砲彈藥刀械管制條例,5,5,numeric
9603,202506,高雄市,其他,254,254,numeric
9603,202506,宜蘭縣,總計,994,994,numeric
9603,202506,宜蘭縣,竊盜,142,142,numeric
9603,202506,宜蘭縣,贓物,1,1,numeric
9603,202506,宜蘭縣,賭博,1,1,numeric
9603,202506,宜蘭縣,傷害,28,28,numeric
9603,202506,宜蘭縣,詐欺背信,313,313,numeric
9603,202506,宜蘭縣,妨害自由,58,58,numeric
9603,202506,宜蘭縣,殺人,1,1,numeric
9603,202506,宜蘭縣,駕駛過失,68,68,numeric
9603,202506,宜蘭縣,妨害家庭及婚姻,2,2,numeric
9603,202506,宜蘭縣,妨害風化,2,2,numeric
9603,202506,宜蘭縣,妨害性自主罪,6,6,numeric
9603,202506,宜蘭縣,恐嚇取財,2,2,numeric
9603,202506,宜蘭縣,擄人勒贖,0,-,dash_zero
9603,202506,宜蘭縣,侵占,29,29,numeric
9603,202506,宜蘭縣,偽造文書印文,19,19,numeric
9603,202506,宜蘭縣,違反毒品危害防制條例,70,70,numeric
9603,202506,宜蘭縣,毀棄損壞,30,30,numeric
9603,202506,宜蘭縣,妨害公務,0,-,dash_zero
9603,202506,宜蘭縣,妨害電腦使用,36,36,numeric
9603,202506,宜蘭縣,強盜搶奪,1,1,numeric
9603,202506,宜蘭縣,內亂,0,-,dash_zero
9603,202506,宜蘭縣,重利,3,3,numeric
9603,202506,宜蘭縣,竊佔,2,2,numeric
9603,202506,宜蘭縣,偽造有價證券,0,-,dash_zero
9603,202506,宜蘭縣,妨害秩序,3,3,numeric
9603,202506,宜蘭縣,違反藥事法,1,1,numeric
9603,202506,宜蘭縣,違反國家總動員法,0,-,dash_zero
9603,202506,宜蘭縣,違反森林法,0,-,dash_zero
9603,202506,宜蘭縣,違反著作權法,1,1,numeric
9603,202506,宜蘭縣,違反專利法,0,-,dash_zero
9603,202506,宜蘭縣,違反商標法,0,-,dash_zero
9603,202506,宜蘭縣,公共危險,102,102,numeric
9603,202506,宜蘭縣,侵害墳墓屍體,0,-,dash_zero
9603,202506,宜蘭縣,妨害名譽,30,30,numeric
9603,202506,宜蘭縣,違反就業服務法,0,-,dash_zero
9603,202506,宜蘭縣,違反選罷法,0,-,dash_zero
9603,202506,宜蘭縣,妨害秘密,2,2,numeric
9603,202506,宜蘭縣,遺棄,0,-,dash_zero
9603,202506,宜蘭縣,違反貪污治罪條例,0,-,dash_zero
9603,202506,宜蘭縣,瀆職,0,-,dash_zero
9603,202506,宜蘭縣,懲治走私條例,0,-,dash_zero
9603,202506,宜蘭縣,妨害兵役,0,-,dash_zero
9603,202506,宜蘭縣,偽造貨幣,0,-,dash_zero
9603,202506,宜蘭縣,偽造度量衡,0,-,dash_zero
9603,202506,宜蘭縣,偽證,0,-,dash_zero
9603,202506,宜蘭縣,誣告,0,-,dash_zero
9603,202506,宜蘭縣,湮滅證據,0,-,dash_zero
9603,202506,宜蘭縣,藏匿頂替,0,-,dash_zero
9603,202506,宜蘭縣,脫逃,0,-,dash_zero
9603,202506,宜蘭縣,違反槍砲彈藥刀械管制條例,0,-,dash_zero
9603,202506,宜蘭縣,其他,41,41,numeric
9603,202506,新竹縣,總計,1194,1194,numeric
9603,202506,新竹縣,竊盜,133,133,numeric
9603,202506,新竹縣,贓物,0,-,dash_zero
9603,202506,新竹縣,賭博,2,2,numeric
9603,202506,新竹縣,傷害,46,46,numeric
9603,202506,新竹縣,詐欺背信,491,491,numeric
9603,202506,新竹縣,妨害自由,47,47,numeric
9603,202506,新竹縣,殺人,2,2,numeric
9603,202506,新竹縣,駕駛過失,62,62,numeric
9603,202506,新竹縣,妨害家庭及婚姻,1,1,numeric
9603,202506,新竹縣,妨害風化,0,-,dash_zero
9603,202506,新竹縣,妨害性自主罪,15,15,numeric
9603,202506,新竹縣,恐嚇取財,3,3,numeric
9603,202506,新竹縣,擄人勒贖,0,-,dash_zero
9603,202506,新竹縣,侵占,37,37,numeric
9603,202506,新竹縣,偽造文書印文,9,9,numeric
9603,202506,新竹縣,違反毒品危害防制條例,69,69,numeric
9603,202506,新竹縣,毀棄損壞,38,38,numeric
9603,202506,新竹縣,妨害公務,1,1,numeric
9603,202506,新竹縣,妨害電腦使用,54,54,numeric
9603,202506,新竹縣,強盜搶奪,0,-,dash_zero
9603,202506,新竹縣,內亂,0,-,dash_zero
9603,202506,新竹縣,重利,1,1,numeric
9603,202506,新竹縣,竊佔,3,3,numeric
9603,202506,新竹縣,偽造有價證券,0,-,dash_zero
9603,202506,新竹縣,妨害秩序,1,1,numeric
9603,202506,新竹縣,違反藥事法,0,-,dash_zero
9603,202506,新竹縣,違反國家總動員法,0,-,dash_zero
9603,202506,新竹縣,違反森林法,1,1,numeric
9603,202506,新竹縣,違反著作權法,3,3,numeric
9603,202506,新竹縣,違反專利法,0,-,dash_zero
9603,202506,新竹縣,違反商標法,0,-,dash_zero
9603,202506,新竹縣,公共危險,66,66,numeric
9603,202506,新竹縣,侵害墳墓屍體,0,-,dash_zero
9603,202506,新竹縣,妨害名譽,51,51,numeric
9603,202506,新竹縣,違反就業服務法,0,-,dash_zero
9603,202506,新竹縣,違反選罷法,0,-,dash_zero
9603,202506,新竹縣,妨害秘密,7,7,numeric
9603,202506,新竹縣,遺棄,0,-,dash_zero
9603,202506,新竹縣,違反貪污治罪條例,0,-,dash_zero
9603,202506,新竹縣,瀆職,1,1,numeric
9603,202506,新竹縣,懲治走私條例,0,-,dash_zero
9603,202506,新竹縣,妨害兵役,0,-,dash_zero
9603,202506,新竹縣,偽造貨幣,0,-,dash_zero
9603,202506,新竹縣,偽造度量衡,0,-,dash_zero
9603,202506,新竹縣,偽證,0,-,dash_zero
9603,202506,新竹縣,誣告,1,1,numeric
9603,202506,新竹縣,湮滅證據,1,1,numeric
9603,202506,新竹縣,藏匿頂替,0,-,dash_zero
9603,202506,新竹縣,脫逃,0,-,dash_zero
9603,202506,新竹縣,違反槍砲彈藥刀械管制條例,1,1,numeric
9603,202506,新竹縣,其他,47,47,numeric
9603,202506,苗栗縣,總計,1244,1244,numeric
9603,202506,苗栗縣,竊盜,158,158,numeric
9603,202506,苗栗縣,贓物,0,-,dash_zero
9603,202506,苗栗縣,賭博,3,3,numeric
9603,202506,苗栗縣,傷害,51,51,numeric
9603,202506,苗栗縣,詐欺背信,369,369,numeric
9603,202506,苗栗縣,妨害自由,84,84,numeric
9603,202506,苗栗縣,殺人,0,-,dash_zero
9603,202506,苗栗縣,駕駛過失,71,71,numeric
9603,202506,苗栗縣,妨害家庭及婚姻,1,1,numeric
9603,202506,苗栗縣,妨害風化,2,2,numeric
9603,202506,苗栗縣,妨害性自主罪,16,16,numeric
9603,202506,苗栗縣,恐嚇取財,4,4,numeric
9603,202506,苗栗縣,擄人勒贖,0,-,dash_zero
9603,202506,苗栗縣,侵占,23,23,numeric
9603,202506,苗栗縣,偽造文書印文,10,10,numeric
9603,202506,苗栗縣,違反毒品危害防制條例,173,173,numeric
9603,202506,苗栗縣,毀棄損壞,20,20,numeric
9603,202506,苗栗縣,妨害公務,0,-,dash_zero
9603,202506,苗栗縣,妨害電腦使用,52,52,numeric
9603,202506,苗栗縣,強盜搶奪,1,1,numeric
9603,202506,苗栗縣,內亂,0,-,dash_zero
9603,202506,苗栗縣,重利,0,-,dash_zero
9603,202506,苗栗縣,竊佔,2,2,numeric
9603,202506,苗栗縣,偽造有價證券,0,-,dash_zero
9603,202506,苗栗縣,妨害秩序,1,1,numeric
9603,202506,苗栗縣,違反藥事法,1,1,numeric
9603,202506,苗栗縣,違反國家總動員法,0,-,dash_zero
9603,202506,苗栗縣,違反森林法,0,-,dash_zero
9603,202506,苗栗縣,違反著作權法,2,2,numeric
9603,202506,苗栗縣,違反專利法,0,-,dash_zero
9603,202506,苗栗縣,違反商標法,1,1,numeric
9603,202506,苗栗縣,公共危險,95,95,numeric
9603,202506,苗栗縣,侵害墳墓屍體,0,-,dash_zero
9603,202506,苗栗縣,妨害名譽,39,39,numeric
9603,202506,苗栗縣,違反就業服務法,0,-,dash_zero
9603,202506,苗栗縣,違反選罷法,0,-,dash_zero
9603,202506,苗栗縣,妨害秘密,5,5,numeric
9603,202506,苗栗縣,遺棄,1,1,numeric
9603,202506,苗栗縣,違反貪污治罪條例,0,-,dash_zero
9603,202506,苗栗縣,瀆職,0,-,dash_zero
9603,202506,苗栗縣,懲治走私條例,0,-,dash_zero
9603,202506,苗栗縣,妨害兵役,0,-,dash_zero
9603,202506,苗栗縣,偽造貨幣,0,-,dash_zero
9603,202506,苗栗縣,偽造度量衡,0,-,dash_zero
9603,202506,苗栗縣,偽證,0,-,dash_zero
9603,202506,苗栗縣,誣告,2,2,numeric
9603,202506,苗栗縣,湮滅證據,0,-,dash_zero
9603,202506,苗栗縣,藏匿頂替,0,-,dash_zero
9603,202506,苗栗縣,脫逃,0,-,dash_zero
9603,202506,苗栗縣,違反槍砲彈藥刀械管制條例,1,1,numeric
9603,202506,苗栗縣,其他,56,56,numeric
9603,202506,彰化縣,總計,2377,2377,numeric
9603,202506,彰化縣,竊盜,335,335,numeric
9603,202506,彰化縣,贓物,0,-,dash_zero
9603,202506,彰化縣,賭博,3,3,numeric
9603,202506,彰化縣,傷害,72,72,numeric
9603,202506,彰化縣,詐欺背信,737,737,numeric
9603,202506,彰化縣,妨害自由,129,129,numeric
9603,202506,彰化縣,殺人,2,2,numeric
9603,202506,彰化縣,駕駛過失,185,185,numeric
9603,202506,彰化縣,妨害家庭及婚姻,2,2,numeric
9603,202506,彰化縣,妨害風化,3,3,numeric
9603,202506,彰化縣,妨害性自主罪,19,19,numeric
9603,202506,彰化縣,恐嚇取財,1,1,numeric
9603,202506,彰化縣,擄人勒贖,0,-,dash_zero
9603,202506,彰化縣,侵占,58,58,numeric
9603,202506,彰化縣,偽造文書印文,30,30,numeric
9603,202506,彰化縣,違反毒品危害防制條例,199,199,numeric
9603,202506,彰化縣,毀棄損壞,60,60,numeric
9603,202506,彰化縣,妨害公務,3,3,numeric
9603,202506,彰化縣,妨害電腦使用,71,71,numeric
9603,202506,彰化縣,強盜搶奪,0,-,dash_zero
9603,202506,彰化縣,內亂,0,-,dash_zero
9603,202506,彰化縣,重利,8,8,numeric
9603,202506,彰化縣,竊佔,5,5,numeric
9603,202506,彰化縣,偽造有價證券,0,-,dash_zero
9603,202506,彰化縣,妨害秩序,6,6,numeric
9603,202506,彰化縣,違反藥事法,1,1,numeric
9603,202506,彰化縣,違反國家總動員法,0,-,dash_zero
9603,202506,彰化縣,違反森林法,1,1,numeric
9603,202506,彰化縣,違反著作權法,4,4,numeric
9603,202506,彰化縣,違反專利法,0,-,dash_zero
9603,202506,彰化縣,違反商標法,2,2,numeric
9603,202506,彰化縣,公共危險,229,229,numeric
9603,202506,彰化縣,侵害墳墓屍體,0,-,dash_zero
9603,202506,彰化縣,妨害名譽,69,69,numeric
9603,202506,彰化縣,違反就業服務法,0,-,dash_zero
9603,202506,彰化縣,違反選罷法,0,-,dash_zero
9603,202506,彰化縣,妨害秘密,8,8,numeric
9603,202506,彰化縣,遺棄,0,-,dash_zero
9603,202506,彰化縣,違反貪污治罪條例,0,-,dash_zero
9603,202506,彰化縣,瀆職,2,2,numeric
9603,202506,彰化縣,懲治走私條例,0,-,dash_zero
9603,202506,彰化縣,妨害兵役,0,-,dash_zero
9603,202506,彰化縣,偽造貨幣,0,-,dash_zero
9603,202506,彰化縣,偽造度量衡,0,-,dash_zero
9603,202506,彰化縣,偽證,0,-,dash_zero
9603,202506,彰化縣,誣告,7,7,numeric
9603,202506,彰化縣,湮滅證據,0,-,dash_zero
9603,202506,彰化縣,藏匿頂替,1,1,numeric
9603,202506,彰化縣,脫逃,1,1,numeric
9603,202506,彰化縣,違反槍砲彈藥刀械管制條例,4,4,numeric
9603,202506,彰化縣,其他,120,120,numeric
9603,202506,南投縣,總計,977,977,numeric
9603,202506,南投縣,竊盜,134,134,numeric
9603,202506,南投縣,贓物,1,1,numeric
9603,202506,南投縣,賭博,3,3,numeric
9603,202506,南投縣,傷害,37,37,numeric
9603,202506,南投縣,詐欺背信,264,264,numeric
9603,202506,南投縣,妨害自由,44,44,numeric
9603,202506,南投縣,殺人,1,1,numeric
9603,202506,南投縣,駕駛過失,36,36,numeric
9603,202506,南投縣,妨害家庭及婚姻,1,1,numeric
9603,202506,南投縣,妨害風化,1,1,numeric
9603,202506,南投縣,妨害性自主罪,18,18,numeric
9603,202506,南投縣,恐嚇取財,4,4,numeric
9603,202506,南投縣,擄人勒贖,0,-,dash_zero
9603,202506,南投縣,侵占,27,27,numeric
9603,202506,南投縣,偽造文書印文,10,10,numeric
9603,202506,南投縣,違反毒品危害防制條例,119,119,numeric
9603,202506,南投縣,毀棄損壞,34,34,numeric
9603,202506,南投縣,妨害公務,6,6,numeric
9603,202506,南投縣,妨害電腦使用,31,31,numeric
9603,202506,南投縣,強盜搶奪,2,2,numeric
9603,202506,南投縣,內亂,0,-,dash_zero
9603,202506,南投縣,重利,0,-,dash_zero
9603,202506,南投縣,竊佔,4,4,numeric
9603,202506,南投縣,偽造有價證券,0,-,dash_zero
9603,202506,南投縣,妨害秩序,2,2,numeric
9603,202506,南投縣,違反藥事法,0,-,dash_zero
9603,202506,南投縣,違反國家總動員法,0,-,dash_zero
9603,202506,南投縣,違反森林法,1,1,numeric
9603,202506,南投縣,違反著作權法,0,-,dash_zero
9603,202506,南投縣,違反專利法,0,-,dash_zero
9603,202506,南投縣,違反商標法,1,1,numeric
9603,202506,南投縣,公共危險,98,98,numeric
9603,202506,南投縣,侵害墳墓屍體,0,-,dash_zero
9603,202506,南投縣,妨害名譽,31,31,numeric
9603,202506,南投縣,違反就業服務法,0,-,dash_zero
9603,202506,南投縣,違反選罷法,0,-,dash_zero
9603,202506,南投縣,妨害秘密,2,2,numeric
9603,202506,南投縣,遺棄,1,1,numeric
9603,202506,南投縣,違反貪污治罪條例,0,-,dash_zero
9603,202506,南投縣,瀆職,1,1,numeric
9603,202506,南投縣,懲治走私條例,0,-,dash_zero
9603,202506,南投縣,妨害兵役,0,-,dash_zero
9603,202506,南投縣,偽造貨幣,0,-,dash_zero
9603,202506,南投縣,偽造度量衡,0,-,dash_zero
9603,202506,南投縣,偽證,0,-,dash_zero
9603,202506,南投縣,誣告,6,6,numeric
9603,202506,南投縣,湮滅證據,0,-,dash_zero
9603,202506,南投縣,藏匿頂替,0,-,dash_zero
9603,202506,南投縣,脫逃,0,-,dash_zero
9603,202506,南投縣,違反槍砲彈藥刀械管制條例,6,6,numeric
9603,202506,南投縣,其他,51,51,numeric
9603,202506,雲林縣,總計,1317,1317,numeric
9603,202506,雲林縣,竊盜,202,202,numeric
9603,202506,雲林縣,贓物,0,-,dash_zero
9603,202506,雲林縣,賭博,2,2,numeric
9603,202506,雲林縣,傷害,57,57,numeric
9603,202506,雲林縣,詐欺背信,383,383,numeric
9603,202506,雲林縣,妨害自由,52,52,numeric
9603,202506,雲林縣,殺人,1,1,numeric
9603,202506,雲林縣,駕駛過失,93,93,numeric
9603,202506,雲林縣,妨害家庭及婚姻,3,3,numeric
9603,202506,雲林縣,妨害風化,0,-,dash_zero
9603,202506,雲林縣,妨害性自主罪,10,10,numeric
9603,202506,雲林縣,恐嚇取財,3,3,numeric
9603,202506,雲林縣,擄人勒贖,0,-,dash_zero
9603,202506,雲林縣,侵占,41,41,numeric
9603,202506,雲林縣,偽造文書印文,26,26,numeric
9603,202506,雲林縣,違反毒品危害防制條例,122,122,numeric
9603,202506,雲林縣,毀棄損壞,29,29,numeric
9603,202506,雲林縣,妨害公務,5,5,numeric
9603,202506,雲林縣,妨害電腦使用,44,44,numeric
9603,202506,雲林縣,強盜搶奪,0,-,dash_zero
9603,202506,雲林縣,內亂,0,-,dash_zero
9603,202506,雲林縣,重利,1,1,numeric
9603,202506,雲林縣,竊佔,2,2,numeric
9603,202506,雲林縣,偽造有價證券,1,1,numeric
9603,202506,雲林縣,妨害秩序,1,1,numeric
9603,202506,雲林縣,違反藥事法,0,-,dash_zero
9603,202506,雲林縣,違反國家總動員法,0,-,dash_zero
9603,202506,雲林縣,違反森林法,0,-,dash_zero
9603,202506,雲林縣,違反著作權法,2,2,numeric
9603,202506,雲林縣,違反專利法,0,-,dash_zero
9603,202506,雲林縣,違反商標法,0,-,dash_zero
9603,202506,雲林縣,公共危險,121,121,numeric
9603,202506,雲林縣,侵害墳墓屍體,0,-,dash_zero
9603,202506,雲林縣,妨害名譽,26,26,numeric
9603,202506,雲林縣,違反就業服務法,0,-,dash_zero
9603,202506,雲林縣,違反選罷法,0,-,dash_zero
9603,202506,雲林縣,妨害秘密,4,4,numeric
9603,202506,雲林縣,遺棄,2,2,numeric
9603,202506,雲林縣,違反貪污治罪條例,0,-,dash_zero
9603,202506,雲林縣,瀆職,0,-,dash_zero
9603,202506,雲林縣,懲治走私條例,0,-,dash_zero
9603,202506,雲林縣,妨害兵役,0,-,dash_zero
9603,202506,雲林縣,偽造貨幣,0,-,dash_zero
9603,202506,雲林縣,偽造度量衡,0,-,dash_zero
9603,202506,雲林縣,偽證,0,-,dash_zero
9603,202506,雲林縣,誣告,1,1,numeric
9603,202506,雲林縣,湮滅證據,1,1,numeric
9603,202506,雲林縣,藏匿頂替,0,-,dash_zero
9603,202506,雲林縣,脫逃,0,-,dash_zero
9603,202506,雲林縣,違反槍砲彈藥刀械管制條例,3,3,numeric
9603,202506,雲林縣,其他,79,79,numeric
9603,202506,嘉義縣,總計,842,842,numeric
9603,202506,嘉義縣,竊盜,82,82,numeric
9603,202506,嘉義縣,贓物,0,-,dash_zero
9603,202506,嘉義縣,賭博,3,3,numeric
9603,202506,嘉義縣,傷害,40,40,numeric
9603,202506,嘉義縣,詐欺背信,285,285,numeric
9603,202506,嘉義縣,妨害自由,32,32,numeric
9603,202506,嘉義縣,殺人,1,1,numeric
9603,202506,嘉義縣,駕駛過失,64,64,numeric
9603,202506,嘉義縣,妨害家庭及婚姻,1,1,numeric
9603,202506,嘉義縣,妨害風化,1,1,numeric
9603,202506,嘉義縣,妨害性自主罪,7,7,numeric
9603,202506,嘉義縣,恐嚇取財,0,-,dash_zero
9603,202506,嘉義縣,擄人勒贖,0,-,dash_zero
9603,202506,嘉義縣,侵占,21,21,numeric
9603,202506,嘉義縣,偽造文書印文,13,13,numeric
9603,202506,嘉義縣,違反毒品危害防制條例,59,59,numeric
9603,202506,嘉義縣,毀棄損壞,15,15,numeric
9603,202506,嘉義縣,妨害公務,2,2,numeric
9603,202506,嘉義縣,妨害電腦使用,27,27,numeric
9603,202506,嘉義縣,強盜搶奪,0,-,dash_zero
9603,202506,嘉義縣,內亂,0,-,dash_zero
9603,202506,嘉義縣,重利,1,1,numeric
9603,202506,嘉義縣,竊佔,4,4,numeric
9603,202506,嘉義縣,偽造有價證券,1,1,numeric
9603,202506,嘉義縣,妨害秩序,1,1,numeric
9603,202506,嘉義縣,違反藥事法,0,-,dash_zero
9603,202506,嘉義縣,違反國家總動員法,0,-,dash_zero
9603,202506,嘉義縣,違反森林法,0,-,dash_zero
9603,202506,嘉義縣,違反著作權法,2,2,numeric
9603,202506,嘉義縣,違反專利法,0,-,dash_zero
9603,202506,嘉義縣,違反商標法,0,-,dash_zero
9603,202506,嘉義縣,公共危險,90,90,numeric
9603,202506,嘉義縣,侵害墳墓屍體,0,-,dash_zero
9603,202506,嘉義縣,妨害名譽,24,24,numeric
9603,202506,嘉義縣,違反就業服務法,0,-,dash_zero
9603,202506,嘉義縣,違反選罷法,0,-,dash_zero
9603,202506,嘉義縣,妨害秘密,4,4,numeric
9603,202506,嘉義縣,遺棄,1,1,numeric
9603,202506,嘉義縣,違反貪污治罪條例,0,-,dash_zero
9603,202506,嘉義縣,瀆職,1,1,numeric
9603,202506,嘉義縣,懲治走私條例,0,-,dash_zero
9603,202506,嘉義縣,妨害兵役,0,-,dash_zero
9603,202506,嘉義縣,偽造貨幣,1,1,numeric
9603,202506,嘉義縣,偽造度量衡,0,-,dash_zero
9603,202506,嘉義縣,偽證,0,-,dash_zero
9603,202506,嘉義縣,誣告,1,1,numeric
9603,202506,嘉義縣,湮滅證據,0,-,dash_zero
9603,202506,嘉義縣,藏匿頂替,0,-,dash_zero
9603,202506,嘉義縣,脫逃,0,-,dash_zero
9603,202506,嘉義縣,違反槍砲彈藥刀械管制條例,2,2,numeric
9603,202506,嘉義縣,其他,56,56,numeric
9603,202506,屏東縣,總計,1597,1597,numeric
9603,202506,屏東縣,竊盜,224,224,numeric
9603,202506,屏東縣,贓物,0,-,dash_zero
9603,202506,屏東縣,賭博,0,-,dash_zero
9603,202506,屏東縣,傷害,62,62,numeric
9603,202506,屏東縣,詐欺背信,502,502,numeric
9603,202506,屏東縣,妨害自由,70,70,numeric
9603,202506,屏東縣,殺人,0,-,dash_zero
9603,202506,屏東縣,駕駛過失,76,76,numeric
9603,202506,屏東縣,妨害家庭及婚姻,1,1,numeric
9603,202506,屏東縣,妨害風化,0,-,dash_zero
9603,202506,屏東縣,妨害性自主罪,24,24,numeric
9603,202506,屏東縣,恐嚇取財,5,5,numeric
9603,202506,屏東縣,擄人勒贖,0,-,dash_zero
9603,202506,屏東縣,侵占,59,59,numeric
9603,202506,屏東縣,偽造文書印文,23,23,numeric
9603,202506,屏東縣,違反毒品危害防制條例,124,124,numeric
9603,202506,屏東縣,毀棄損壞,47,47,numeric
9603,202506,屏東縣,妨害公務,4,4,numeric
9603,202506,屏東縣,妨害電腦使用,70,70,numeric
9603,202506,屏東縣,強盜搶奪,0,-,dash_zero
9603,202506,屏東縣,內亂,0,-,dash_zero
9603,202506,屏東縣,重利,4,4,numeric
9603,202506,屏東縣,竊佔,3,3,numeric
9603,202506,屏東縣,偽造有價證券,0,-,dash_zero
9603,202506,屏東縣,妨害秩序,2,2,numeric
9603,202506,屏東縣,違反藥事法,0,-,dash_zero
9603,202506,屏東縣,違反國家總動員法,0,-,dash_zero
9603,202506,屏東縣,違反森林法,0,-,dash_zero
9603,202506,屏東縣,違反著作權法,0,-,dash_zero
9603,202506,屏東縣,違反專利法,0,-,dash_zero
9603,202506,屏東縣,違反商標法,1,1,numeric
9603,202506,屏東縣,公共危險,143,143,numeric
9603,202506,屏東縣,侵害墳墓屍體,0,-,dash_zero
9603,202506,屏東縣,妨害名譽,55,55,numeric
9603,202506,屏東縣,違反就業服務法,0,-,dash_zero
9603,202506,屏東縣,違反選罷法,0,-,dash_zero
9603,202506,屏東縣,妨害秘密,2,2,numeric
9603,202506,屏東縣,遺棄,0,-,dash_zero
9603,202506,屏東縣,違反貪污治罪條例,0,-,dash_zero
9603,202506,屏東縣,瀆職,1,1,numeric
9603,202506,屏東縣,懲治走私條例,0,-,dash_zero
9603,202506,屏東縣,妨害兵役,0,-,dash_zero
9603,202506,屏東縣,偽造貨幣,0,-,dash_zero
9603,202506,屏東縣,偽造度量衡,0,-,dash_zero
9603,202506,屏東縣,偽證,0,-,dash_zero
9603,202506,屏東縣,誣告,0,-,dash_zero
9603,202506,屏東縣,湮滅證據,0,-,dash_zero
9603,202506,屏東縣,藏匿頂替,0,-,dash_zero
9603,202506,屏東縣,脫逃,0,-,dash_zero
9603,202506,屏東縣,違反槍砲彈藥刀械管制條例,2,2,numeric
9603,202506,屏東縣,其他,93,93,numeric
9603,202506,臺東縣,總計,389,389,numeric
9603,202506,臺東縣,竊盜,46,46,numeric
9603,202506,臺東縣,贓物,0,-,dash_zero
9603,202506,臺東縣,賭博,0,-,dash_zero
9603,202506,臺東縣,傷害,19,19,numeric
9603,202506,臺東縣,詐欺背信,116,116,numeric
9603,202506,臺東縣,妨害自由,14,14,numeric
9603,202506,臺東縣,殺人,0,-,dash_zero
9603,202506,臺東縣,駕駛過失,16,16,numeric
9603,202506,臺東縣,妨害家庭及婚姻,1,1,numeric
9603,202506,臺東縣,妨害風化,0,-,dash_zero
9603,202506,臺東縣,妨害性自主罪,9,9,numeric
9603,202506,臺東縣,恐嚇取財,0,-,dash_zero
9603,202506,臺東縣,擄人勒贖,0,-,dash_zero
9603,202506,臺東縣,侵占,12,12,numeric
9603,202506,臺東縣,偽造文書印文,7,7,numeric
9603,202506,臺東縣,違反毒品危害防制條例,12,12,numeric
9603,202506,臺東縣,毀棄損壞,18,18,numeric
9603,202506,臺東縣,妨害公務,1,1,numeric
9603,202506,臺東縣,妨害電腦使用,16,16,numeric
9603,202506,臺東縣,強盜搶奪,0,-,dash_zero
9603,202506,臺東縣,內亂,0,-,dash_zero
9603,202506,臺東縣,重利,1,1,numeric
9603,202506,臺東縣,竊佔,1,1,numeric
9603,202506,臺東縣,偽造有價證券,0,-,dash_zero
9603,202506,臺東縣,妨害秩序,1,1,numeric
9603,202506,臺東縣,違反藥事法,0,-,dash_zero
9603,202506,臺東縣,違反國家總動員法,0,-,dash_zero
9603,202506,臺東縣,違反森林法,0,-,dash_zero
9603,202506,臺東縣,違反著作權法,0,-,dash_zero
9603,202506,臺東縣,違反專利法,0,-,dash_zero
9603,202506,臺東縣,違反商標法,0,-,dash_zero
9603,202506,臺東縣,公共危險,49,49,numeric
9603,202506,臺東縣,侵害墳墓屍體,0,-,dash_zero
9603,202506,臺東縣,妨害名譽,14,14,numeric
9603,202506,臺東縣,違反就業服務法,0,-,dash_zero
9603,202506,臺東縣,違反選罷法,1,1,numeric
9603,202506,臺東縣,妨害秘密,0,-,dash_zero
9603,202506,臺東縣,遺棄,0,-,dash_zero
9603,202506,臺東縣,違反貪污治罪條例,0,-,dash_zero
9603,202506,臺東縣,瀆職,1,1,numeric
9603,202506,臺東縣,懲治走私條例,0,-,dash_zero
9603,202506,臺東縣,妨害兵役,1,1,numeric
9603,202506,臺東縣,偽造貨幣,0,-,dash_zero
9603,202506,臺東縣,偽造度量衡,0,-,dash_zero
9603,202506,臺東縣,偽證,0,-,dash_zero
9603,202506,臺東縣,誣告,1,1,numeric
9603,202506,臺東縣,湮滅證據,0,-,dash_zero
9603,202506,臺東縣,藏匿頂替,0,-,dash_zero
9603,202506,臺東縣,脫逃,0,-,dash_zero
9603,202506,臺東縣,違反槍砲彈藥刀械管制條例,1,1,numeric
9603,202506,臺東縣,其他,31,31,numeric
9603,202506,花蓮縣,總計,790,790,numeric
9603,202506,花蓮縣,竊盜,144,144,numeric
9603,202506,花蓮縣,贓物,0,-,dash_zero
9603,202506,花蓮縣,賭博,0,-,dash_zero
9603,202506,花蓮縣,傷害,49,49,numeric
9603,202506,花蓮縣,詐欺背信,241,241,numeric
9603,202506,花蓮縣,妨害自由,39,39,numeric
9603,202506,花蓮縣,殺人,2,2,numeric
9603,202506,花蓮縣,駕駛過失,23,23,numeric
9603,202506,花蓮縣,妨害家庭及婚姻,1,1,numeric
9603,202506,花蓮縣,妨害風化,2,2,numeric
9603,202506,花蓮縣,妨害性自主罪,16,16,numeric
9603,202506,花蓮縣,恐嚇取財,1,1,numeric
9603,202506,花蓮縣,擄人勒贖,0,-,dash_zero
9603,202506,花蓮縣,侵占,40,40,numeric
9603,202506,花蓮縣,偽造文書印文,12,12,numeric
9603,202506,花蓮縣,違反毒品危害防制條例,68,68,numeric
9603,202506,花蓮縣,毀棄損壞,24,24,numeric
9603,202506,花蓮縣,妨害公務,1,1,numeric
9603,202506,花蓮縣,妨害電腦使用,31,31,numeric
9603,202506,花蓮縣,強盜搶奪,0,-,dash_zero
9603,202506,花蓮縣,內亂,0,-,dash_zero
9603,202506,花蓮縣,重利,3,3,numeric
9603,202506,花蓮縣,竊佔,2,2,numeric
9603,202506,花蓮縣,偽造有價證券,0,-,dash_zero
9603,202506,花蓮縣,妨害秩序,0,-,dash_zero
9603,202506,花蓮縣,違反藥事法,0,-,dash_zero
9603,202506,花蓮縣,違反國家總動員法,0,-,dash_zero
9603,202506,花蓮縣,違反森林法,0,-,dash_zero
9603,202506,花蓮縣,違反著作權法,0,-,dash_zero
9603,202506,花蓮縣,違反專利法,0,-,dash_zero
9603,202506,花蓮縣,違反商標法,0,-,dash_zero
9603,202506,花蓮縣,公共危險,41,41,numeric
9603,202506,花蓮縣,侵害墳墓屍體,0,-,dash_zero
9603,202506,花蓮縣,妨害名譽,23,23,numeric
9603,202506,花蓮縣,違反就業服務法,0,-,dash_zero
9603,202506,花蓮縣,違反選罷法,1,1,numeric
9603,202506,花蓮縣,妨害秘密,1,1,numeric
9603,202506,花蓮縣,遺棄,0,-,dash_zero
9603,202506,花蓮縣,違反貪污治罪條例,0,-,dash_zero
9603,202506,花蓮縣,瀆職,0,-,dash_zero
9603,202506,花蓮縣,懲治走私條例,0,-,dash_zero
9603,202506,花蓮縣,妨害兵役,0,-,dash_zero
9603,202506,花蓮縣,偽造貨幣,0,-,dash_zero
9603,202506,花蓮縣,偽造度量衡,0,-,dash_zero
9603,202506,花蓮縣,偽證,0,-,dash_zero
9603,202506,花蓮縣,誣告,1,1,numeric
9603,202506,花蓮縣,湮滅證據,0,-,dash_zero
9603,202506,花蓮縣,藏匿頂替,0,-,dash_zero
9603,202506,花蓮縣,脫逃,0,-,dash_zero
9603,202506,花蓮縣,違反槍砲彈藥刀械管制條例,1,1,numeric
9603,202506,花蓮縣,其他,23,23,numeric
9603,202506,澎湖縣,總計,183,183,numeric
9603,202506,澎湖縣,竊盜,24,24,numeric
9603,202506,澎湖縣,贓物,0,-,dash_zero
9603,202506,澎湖縣,賭博,1,1,numeric
9603,202506,澎湖縣,傷害,8,8,numeric
9603,202506,澎湖縣,詐欺背信,45,45,numeric
9603,202506,澎湖縣,妨害自由,11,11,numeric
9603,202506,澎湖縣,殺人,0,-,dash_zero
9603,202506,澎湖縣,駕駛過失,10,10,numeric
9603,202506,澎湖縣,妨害家庭及婚姻,1,1,numeric
9603,202506,澎湖縣,妨害風化,0,-,dash_zero
9603,202506,澎湖縣,妨害性自主罪,3,3,numeric
9603,202506,澎湖縣,恐嚇取財,1,1,numeric
9603,202506,澎湖縣,擄人勒贖,0,-,dash_zero
9603,202506,澎湖縣,侵占,5,5,numeric
9603,202506,澎湖縣,偽造文書印文,4,4,numeric
9603,202506,澎湖縣,違反毒品危害防制條例,21,21,numeric
9603,202506,澎湖縣,毀棄損壞,3,3,numeric
9603,202506,澎湖縣,妨害公務,0,-,dash_zero
9603,202506,澎湖縣,妨害電腦使用,11,11,numeric
9603,202506,澎湖縣,強盜搶奪,0,-,dash_zero
9603,202506,澎湖縣,內亂,0,-,dash_zero
9603,202506,澎湖縣,重利,0,-,dash_zero
9603,202506,澎湖縣,竊佔,2,2,numeric
9603,202506,澎湖縣,偽造有價證券,0,-,dash_zero
9603,202506,澎湖縣,妨害秩序,0,-,dash_zero
9603,202506,澎湖縣,違反藥事法,0,-,dash_zero
9603,202506,澎湖縣,違反國家總動員法,0,-,dash_zero
9603,202506,澎湖縣,違反森林法,0,-,dash_zero
9603,202506,澎湖縣,違反著作權法,0,-,dash_zero
9603,202506,澎湖縣,違反專利法,0,-,dash_zero
9603,202506,澎湖縣,違反商標法,0,-,dash_zero
9603,202506,澎湖縣,公共危險,15,15,numeric
9603,202506,澎湖縣,侵害墳墓屍體,0,-,dash_zero
9603,202506,澎湖縣,妨害名譽,9,9,numeric
9603,202506,澎湖縣,違反就業服務法,0,-,dash_zero
9603,202506,澎湖縣,違反選罷法,0,-,dash_zero
9603,202506,澎湖縣,妨害秘密,0,-,dash_zero
9603,202506,澎湖縣,遺棄,0,-,dash_zero
9603,202506,澎湖縣,違反貪污治罪條例,0,-,dash_zero
9603,202506,澎湖縣,瀆職,0,-,dash_zero
9603,202506,澎湖縣,懲治走私條例,0,-,dash_zero
9603,202506,澎湖縣,妨害兵役,0,-,dash_zero
9603,202506,澎湖縣,偽造貨幣,0,-,dash_zero
9603,202506,澎湖縣,偽造度量衡,0,-,dash_zero
9603,202506,澎湖縣,偽證,0,-,dash_zero
9603,202506,澎湖縣,誣告,0,-,dash_zero
9603,202506,澎湖縣,湮滅證據,0,-,dash_zero
9603,202506,澎湖縣,藏匿頂替,1,1,numeric
9603,202506,澎湖縣,脫逃,0,-,dash_zero
9603,202506,澎湖縣,違反槍砲彈藥刀械管制條例,0,-,dash_zero
9603,202506,澎湖縣,其他,8,8,numeric
9603,202506,基隆市,總計,859,859,numeric
9603,202506,基隆市,竊盜,97,97,numeric
9603,202506,基隆市,贓物,0,-,dash_zero
9603,202506,基隆市,賭博,1,1,numeric
9603,202506,基隆市,傷害,41,41,numeric
9603,202506,基隆市,詐欺背信,249,249,numeric
9603,202506,基隆市,妨害自由,60,60,numeric
9603,202506,基隆市,殺人,0,-,dash_zero
9603,202506,基隆市,駕駛過失,37,37,numeric
9603,202506,基隆市,妨害家庭及婚姻,0,-,dash_zero
9603,202506,基隆市,妨害風化,1,1,numeric
9603,202506,基隆市,妨害性自主罪,5,5,numeric
9603,202506,基隆市,恐嚇取財,0,-,dash_zero
9603,202506,基隆市,擄人勒贖,0,-,dash_zero
9603,202506,基隆市,侵占,35,35,numeric
9603,202506,基隆市,偽造文書印文,9,9,numeric
9603,202506,基隆市,違反毒品危害防制條例,138,138,numeric
9603,202506,基隆市,毀棄損壞,26,26,numeric
9603,202506,基隆市,妨害公務,1,1,numeric
9603,202506,基隆市,妨害電腦使用,25,25,numeric
9603,202506,基隆市,強盜搶奪,2,2,numeric
9603,202506,基隆市,內亂,0,-,dash_zero
9603,202506,基隆市,重利,1,1,numeric
9603,202506,基隆市,竊佔,2,2,numeric
9603,202506,基隆市,偽造有價證券,0,-,dash_zero
9603,202506,基隆市,妨害秩序,3,3,numeric
9603,202506,基隆市,違反藥事法,0,-,dash_zero
9603,202506,基隆市,違反國家總動員法,0,-,dash_zero
9603,202506,基隆市,違反森林法,0,-,dash_zero
9603,202506,基隆市,違反著作權法,1,1,numeric
9603,202506,基隆市,違反專利法,0,-,dash_zero
9603,202506,基隆市,違反商標法,0,-,dash_zero
9603,202506,基隆市,公共危險,45,45,numeric
9603,202506,基隆市,侵害墳墓屍體,0,-,dash_zero
9603,202506,基隆市,妨害名譽,37,37,numeric
9603,202506,基隆市,違反就業服務法,1,1,numeric
9603,202506,基隆市,違反選罷法,0,-,dash_zero
9603,202506,基隆市,妨害秘密,3,3,numeric
9603,202506,基隆市,遺棄,0,-,dash_zero
9603,202506,基隆市,違反貪污治罪條例,0,-,dash_zero
9603,202506,基隆市,瀆職,0,-,dash_zero
9603,202506,基隆市,懲治走私條例,0,-,dash_zero
9603,202506,基隆市,妨害兵役,0,-,dash_zero
9603,202506,基隆市,偽造貨幣,0,-,dash_zero
9603,202506,基隆市,偽造度量衡,0,-,dash_zero
9603,202506,基隆市,偽證,0,-,dash_zero
9603,202506,基隆市,誣告,3,3,numeric
9603,202506,基隆市,湮滅證據,0,-,dash_zero
9603,202506,基隆市,藏匿頂替,0,-,dash_zero
9603,202506,基隆市,脫逃,0,-,dash_zero
9603,202506,基隆市,違反槍砲彈藥刀械管制條例,3,3,numeric
9603,202506,基隆市,其他,33,33,numeric
9603,202506,新竹市,總計,1005,1005,numeric
9603,202506,新竹市,竊盜,131,131,numeric
9603,202506,新竹市,贓物,0,-,dash_zero
9603,202506,新竹市,賭博,1,1,numeric
9603,202506,新竹市,傷害,43,43,numeric
9603,202506,新竹市,詐欺背信,447,447,numeric
9603,202506,新竹市,妨害自由,49,49,numeric
9603,202506,新竹市,殺人,0,-,dash_zero
9603,202506,新竹市,駕駛過失,32,32,numeric
9603,202506,新竹市,妨害家庭及婚姻,0,-,dash_zero
9603,202506,新竹市,妨害風化,1,1,numeric
9603,202506,新竹市,妨害性自主罪,24,24,numeric
9603,202506,新竹市,恐嚇取財,3,3,numeric
9603,202506,新竹市,擄人勒贖,0,-,dash_zero
9603,202506,新竹市,侵占,34,34,numeric
9603,202506,新竹市,偽造文書印文,10,10,numeric
9603,202506,新竹市,違反毒品危害防制條例,42,42,numeric
9603,202506,新竹市,毀棄損壞,21,21,numeric
9603,202506,新竹市,妨害公務,1,1,numeric
9603,202506,新竹市,妨害電腦使用,37,37,numeric
9603,202506,新竹市,強盜搶奪,0,-,dash_zero
9603,202506,新竹市,內亂,0,-,dash_zero
9603,202506,新竹市,重利,1,1,numeric
9603,202506,新竹市,竊佔,8,8,numeric
9603,202506,新竹市,偽造有價證券,1,1,numeric
9603,202506,新竹市,妨害秩序,2,2,numeric
9603,202506,新竹市,違反藥事法,0,-,dash_zero
9603,202506,新竹市,違反國家總動員法,0,-,dash_zero
9603,202506,新竹市,違反森林法,0,-,dash_zero
9603,202506,新竹市,違反著作權法,0,-,dash_zero
9603,202506,新竹市,違反專利法,0,-,dash_zero
9603,202506,新竹市,違反商標法,0,-,dash_zero
9603,202506,新竹市,公共危險,39,39,numeric
9603,202506,新竹市,侵害墳墓屍體,0,-,dash_zero
9603,202506,新竹市,妨害名譽,33,33,numeric
9603,202506,新竹市,違反就業服務法,0,-,dash_zero
9603,202506,新竹市,違反選罷法,0,-,dash_zero
9603,202506,新竹市,妨害秘密,2,2,numeric
9603,202506,新竹市,遺棄,1,1,numeric
9603,202506,新竹市,違反貪污治罪條例,0,-,dash_zero
9603,202506,新竹市,瀆職,0,-,dash_zero
9603,202506,新竹市,懲治走私條例,0,-,dash_zero
9603,202506,新竹市,妨害兵役,0,-,dash_zero
9603,202506,新竹市,偽造貨幣,0,-,dash_zero
9603,202506,新竹市,偽造度量衡,0,-,dash_zero
9603,202506,新竹市,偽證,0,-,dash_zero
9603,202506,新竹市,誣告,0,-,dash_zero
9603,202506,新竹市,湮滅證據,0,-,dash_zero
9603,202506,新竹市,藏匿頂替,0,-,dash_zero
9603,202506,新竹市,脫逃,0,-,dash_zero
9603,202506,新竹市,違反槍砲彈藥刀械管制條例,2,2,numeric
9603,202506,新竹市,其他,40,40,numeric
9603,202506,嘉義市,總計,510,510,numeric
9603,202506,嘉義市,竊盜,60,60,numeric
9603,202506,嘉義市,贓物,0,-,dash_zero
9603,202506,嘉義市,賭博,0,-,dash_zero
9603,202506,嘉義市,傷害,22,22,numeric
9603,202506,嘉義市,詐欺背信,196,196,numeric
9603,202506,嘉義市,妨害自由,26,26,numeric
9603,202506,嘉義市,殺人,0,-,dash_zero
9603,202506,嘉義市,駕駛過失,4,4,numeric
9603,202506,嘉義市,妨害家庭及婚姻,0,-,dash_zero
9603,202506,嘉義市,妨害風化,0,-,dash_zero
9603,202506,嘉義市,妨害性自主罪,6,6,numeric
9603,202506,嘉義市,恐嚇取財,0,-,dash_zero
9603,202506,嘉義市,擄人勒贖,0,-,dash_zero
9603,202506,嘉義市,侵占,11,11,numeric
9603,202506,嘉義市,偽造文書印文,5,5,numeric
9603,202506,嘉義市,違反毒品危害防制條例,58,58,numeric
9603,202506,嘉義市,毀棄損壞,6,6,numeric
9603,202506,嘉義市,妨害公務,2,2,numeric
9603,202506,嘉義市,妨害電腦使用,25,25,numeric
9603,202506,嘉義市,強盜搶奪,1,1,numeric
9603,202506,嘉義市,內亂,0,-,dash_zero
9603,202506,嘉義市,重利,1,1,numeric
9603,202506,嘉義市,竊佔,1,1,numeric
9603,202506,嘉義市,偽造有價證券,0,-,dash_zero
9603,202506,嘉義市,妨害秩序,0,-,dash_zero
9603,202506,嘉義市,違反藥事法,0,-,dash_zero
9603,202506,嘉義市,違反國家總動員法,0,-,dash_zero
9603,202506,嘉義市,違反森林法,0,-,dash_zero
9603,202506,嘉義市,違反著作權法,0,-,dash_zero
9603,202506,嘉義市,違反專利法,0,-,dash_zero
9603,202506,嘉義市,違反商標法,0,-,dash_zero
9603,202506,嘉義市,公共危險,51,51,numeric
9603,202506,嘉義市,侵害墳墓屍體,0,-,dash_zero
9603,202506,嘉義市,妨害名譽,17,17,numeric
9603,202506,嘉義市,違反就業服務法,0,-,dash_zero
9603,202506,嘉義市,違反選罷法,0,-,dash_zero
9603,202506,嘉義市,妨害秘密,2,2,numeric
9603,202506,嘉義市,遺棄,0,-,dash_zero
9603,202506,嘉義市,違反貪污治罪條例,0,-,dash_zero
9603,202506,嘉義市,瀆職,0,-,dash_zero
9603,202506,嘉義市,懲治走私條例,0,-,dash_zero
9603,202506,嘉義市,妨害兵役,0,-,dash_zero
9603,202506,嘉義市,偽造貨幣,0,-,dash_zero
9603,202506,嘉義市,偽造度量衡,0,-,dash_zero
9603,202506,嘉義市,偽證,0,-,dash_zero
9603,202506,嘉義市,誣告,0,-,dash_zero
9603,202506,嘉義市,湮滅證據,0,-,dash_zero
9603,202506,嘉義市,藏匿頂替,0,-,dash_zero
9603,202506,嘉義市,脫逃,0,-,dash_zero
9603,202506,嘉義市,違反槍砲彈藥刀械管制條例,0,-,dash_zero
9603,202506,嘉義市,其他,16,16,numeric
9603,202506,金門縣,總計,111,111,numeric
9603,202506,金門縣,竊盜,9,9,numeric
9603,202506,金門縣,贓物,0,-,dash_zero
9603,202506,金門縣,賭博,0,-,dash_zero
9603,202506,金門縣,傷害,2,2,numeric
9603,202506,金門縣,詐欺背信,38,38,numeric
9603,202506,金門縣,妨害自由,1,1,numeric
9603,202506,金門縣,殺人,0,-,dash_zero
9603,202506,金門縣,駕駛過失,10,10,numeric
9603,202506,金門縣,妨害家庭及婚姻,0,-,dash_zero
9603,202506,金門縣,妨害風化,1,1,numeric
9603,202506,金門縣,妨害性自主罪,1,1,numeric
9603,202506,金門縣,恐嚇取財,1,1,numeric
9603,202506,金門縣,擄人勒贖,0,-,dash_zero
9603,202506,金門縣,侵占,2,2,numeric
9603,202506,金門縣,偽造文書印文,3,3,numeric
9603,202506,金門縣,違反毒品危害防制條例,12,12,numeric
9603,202506,金門縣,毀棄損壞,3,3,numeric
9603,202506,金門縣,妨害公務,0,-,dash_zero
9603,202506,金門縣,妨害電腦使用,0,-,dash_zero
9603,202506,金門縣,強盜搶奪,0,-,dash_zero
9603,202506,金門縣,內亂,0,-,dash_zero
9603,202506,金門縣,重利,0,-,dash_zero
9603,202506,金門縣,竊佔,0,-,dash_zero
9603,202506,金門縣,偽造有價證券,0,-,dash_zero
9603,202506,金門縣,妨害秩序,0,-,dash_zero
9603,202506,金門縣,違反藥事法,0,-,dash_zero
9603,202506,金門縣,違反國家總動員法,0,-,dash_zero
9603,202506,金門縣,違反森林法,0,-,dash_zero
9603,202506,金門縣,違反著作權法,0,-,dash_zero
9603,202506,金門縣,違反專利法,0,-,dash_zero
9603,202506,金門縣,違反商標法,0,-,dash_zero
9603,202506,金門縣,公共危險,8,8,numeric
9603,202506,金門縣,侵害墳墓屍體,0,-,dash_zero
9603,202506,金門縣,妨害名譽,4,4,numeric
9603,202506,金門縣,違反就業服務法,0,-,dash_zero
9603,202506,金門縣,違反選罷法,0,-,dash_zero
9603,202506,金門縣,妨害秘密,0,-,dash_zero
9603,202506,金門縣,遺棄,0,-,dash_zero
9603,202506,金門縣,違反貪污治罪條例,0,-,dash_zero
9603,202506,金門縣,瀆職,0,-,dash_zero
9603,202506,金門縣,懲治走私條例,1,1,numeric
9603,202506,金門縣,妨害兵役,0,-,dash_zero
9603,202506,金門縣,偽造貨幣,0,-,dash_zero
9603,202506,金門縣,偽造度量衡,0,-,dash_zero
9603,202506,金門縣,偽證,0,-,dash_zero
9603,202506,金門縣,誣告,0,-,dash_zero
9603,202506,金門縣,湮滅證據,0,-,dash_zero
9603,202506,金門縣,藏匿頂替,0,-,dash_zero
9603,202506,金門縣,脫逃,0,-,dash_zero
9603,202506,金門縣,違反槍砲彈藥刀械管制條例,0,-,dash_zero
9603,202506,金門縣,其他,15,15,numeric
9603,202506,連江縣,總計,16,16,numeric
9603,202506,連江縣,竊盜,1,1,numeric
9603,202506,連江縣,贓物,0,-,dash_zero
9603,202506,連江縣,賭博,0,-,dash_zero
9603,202506,連江縣,傷害,1,1,numeric
9603,202506,連江縣,詐欺背信,8,8,numeric
9603,202506,連江縣,妨害自由,0,-,dash_zero
9603,202506,連江縣,殺人,0,-,dash_zero
9603,202506,連江縣,駕駛過失,0,-,dash_zero
9603,202506,連江縣,妨害家庭及婚姻,0,-,dash_zero
9603,202506,連江縣,妨害風化,0,-,dash_zero
9603,202506,連江縣,妨害性自主罪,0,-,dash_zero
9603,202506,連江縣,恐嚇取財,0,-,dash_zero
9603,202506,連江縣,擄人勒贖,0,-,dash_zero
9603,202506,連江縣,侵占,0,-,dash_zero
9603,202506,連江縣,偽造文書印文,0,-,dash_zero
9603,202506,連江縣,違反毒品危害防制條例,1,1,numeric
9603,202506,連江縣,毀棄損壞,0,-,dash_zero
9603,202506,連江縣,妨害公務,0,-,dash_zero
9603,202506,連江縣,妨害電腦使用,1,1,numeric
9603,202506,連江縣,強盜搶奪,0,-,dash_zero
9603,202506,連江縣,內亂,0,-,dash_zero
9603,202506,連江縣,重利,0,-,dash_zero
9603,202506,連江縣,竊佔,0,-,dash_zero
9603,202506,連江縣,偽造有價證券,0,-,dash_zero
9603,202506,連江縣,妨害秩序,0,-,dash_zero
9603,202506,連江縣,違反藥事法,0,-,dash_zero
9603,202506,連江縣,違反國家總動員法,0,-,dash_zero
9603,202506,連江縣,違反森林法,0,-,dash_zero
9603,202506,連江縣,違反著作權法,0,-,dash_zero
9603,202506,連江縣,違反專利法,0,-,dash_zero
9603,202506,連江縣,違反商標法,0,-,dash_zero
9603,202506,連江縣,公共危險,1,1,numeric
9603,202506,連江縣,侵害墳墓屍體,0,-,dash_zero
9603,202506,連江縣,妨害名譽,1,1,numeric
9603,202506,連江縣,違反就業服務法,0,-,dash_zero
9603,202506,連江縣,違反選罷法,0,-,dash_zero
9603,202506,連江縣,妨害秘密,0,-,dash_zero
9603,202506,連江縣,遺棄,0,-,dash_zero
9603,202506,連江縣,違反貪污治罪條例,0,-,dash_zero
9603,202506,連江縣,瀆職,0,-,dash_zero
9603,202506,連江縣,懲治走私條例,0,-,dash_zero
9603,202506,連江縣,妨害兵役,0,-,dash_zero
9603,202506,連江縣,偽造貨幣,0,-,dash_zero
9603,202506,連江縣,偽造度量衡,0,-,dash_zero
9603,202506,連江縣,偽證,0,-,dash_zero
9603,202506,連江縣,誣告,0,-,dash_zero
9603,202506,連江縣,湮滅證據,0,-,dash_zero
9603,202506,連江縣,藏匿頂替,0,-,dash_zero
9603,202506,連江縣,脫逃,0,-,dash_zero
9603,202506,連江縣,違反槍砲彈藥刀械管制條例,0,-,dash_zero
9603,202506,連江縣,其他,2,2,numeric
9603,202506,署所屬機關,總計,669,669,numeric
9603,202506,署所屬機關,竊盜,71,71,numeric
9603,202506,署所屬機關,贓物,0,-,dash_zero
9603,202506,署所屬機關,賭博,0,-,dash_zero
9603,202506,署所屬機關,傷害,21,21,numeric
9603,202506,署所屬機關,詐欺背信,38,38,numeric
9603,202506,署所屬機關,妨害自由,34,34,numeric
9603,202506,署所屬機關,殺人,1,1,numeric
9603,202506,署所屬機關,駕駛過失,108,108,numeric
9603,202506,署所屬機關,妨害家庭及婚姻,0,-,dash_zero
9603,202506,署所屬機關,妨害風化,2,2,numeric
9603,202506,署所屬機關,妨害性自主罪,1,1,numeric
9603,202506,署所屬機關,恐嚇取財,0,-,dash_zero
9603,202506,署所屬機關,擄人勒贖,0,-,dash_zero
9603,202506,署所屬機關,侵占,54,54,numeric
9603,202506,署所屬機關,偽造文書印文,77,77,numeric
9603,202506,署所屬機關,違反毒品危害防制條例,44,44,numeric
9603,202506,署所屬機關,毀棄損壞,4,4,numeric
9603,202506,署所屬機關,妨害公務,2,2,numeric
9603,202506,署所屬機關,妨害電腦使用,6,6,numeric
9603,202506,署所屬機關,強盜搶奪,0,-,dash_zero
9603,202506,署所屬機關,內亂,0,-,dash_zero
9603,202506,署所屬機關,重利,0,-,dash_zero
9603,202506,署所屬機關,竊佔,1,1,numeric
9603,202506,署所屬機關,偽造有價證券,0,-,dash_zero
9603,202506,署所屬機關,妨害秩序,0,-,dash_zero
9603,202506,署所屬機關,違反藥事法,1,1,numeric
9603,202506,署所屬機關,違反國家總動員法,0,-,dash_zero
9603,202506,署所屬機關,違反森林法,4,4,numeric
9603,202506,署所屬機關,違反著作權法,5,5,numeric
9603,202506,署所屬機關,違反專利法,0,-,dash_zero
9603,202506,署所屬機關,違反商標法,13,13,numeric
9603,202506,署所屬機關,公共危險,83,83,numeric
9603,202506,署所屬機關,侵害墳墓屍體,0,-,dash_zero
9603,202506,署所屬機關,妨害名譽,19,19,numeric
9603,202506,署所屬機關,違反就業服務法,0,-,dash_zero
9603,202506,署所屬機關,違反選罷法,0,-,dash_zero
9603,202506,署所屬機關,妨害秘密,0,-,dash_zero
9603,202506,署所屬機關,遺棄,0,-,dash_zero
9603,202506,署所屬機關,違反貪污治罪條例,0,-,dash_zero
9603,202506,署所屬機關,瀆職,0,-,dash_zero
9603,202506,署所屬機關,懲治走私條例,0,-,dash_zero
9603,202506,署所屬機關,妨害兵役,0,-,dash_zero
9603,202506,署所屬機關,偽造貨幣,0,-,dash_zero
9603,202506,署所屬機關,偽造度量衡,0,-,dash_zero
9603,202506,署所屬機關,偽證,0,-,dash_zero
9603,202506,署所屬機關,誣告,5,5,numeric
9603,202506,署所屬機關,湮滅證據,0,-,dash_zero
9603,202506,署所屬機關,藏匿頂替,0,-,dash_zero
9603,202506,署所屬機關,脫逃,0,-,dash_zero
9603,202506,署所屬機關,違反槍砲彈藥刀械管制條例,8,8,numeric
9603,202506,署所屬機關,其他,67,67,numeric
